,17MM DWR,3.30MM DWR,5.50MM DWR,11MM DWR,3.30MM DIR,7.50MM DWR,25MM DWR,11MM DIR,8MM HDHMR,17MM DIR,7.50MM DIR,18MM HDHMR,5.50MM DIR,3MM HDHMR,5.50MM HDHMR,12MM HDHMR,16.50MM DWR,16MM HDHMR,2.10MM DIR,25MM HDHMR,7MM DIR
2022-04-01,92,701,326,105,124,37,15,34,39,0,0,30,48,126,47,52,5,0,0,0,0
2022-04-02,92,676,326,105,124,37,15,34,39,0,0,30,48,126,47,52,5,0,0,0,0
2022-04-03,92,676,326,105,124,37,15,34,39,0,0,30,48,126,47,52,5,0,0,0,0
2022-04-04,89,661,318,77,123,37,15,34,39,0,0,30,48,126,47,52,5,0,0,0,0
2022-04-05,79,651,312,68,120,27,15,34,39,0,0,30,48,126,47,52,5,0,0,0,0
2022-04-06,74,651,312,62,120,27,5,34,39,0,0,30,48,126,47,52,5,0,0,0,0
2022-04-07,62,641,312,60,120,27,5,34,39,0,0,30,48,126,47,52,5,0,0,0,0
2022-04-08,62,641,312,60,120,27,5,34,39,0,0,30,48,126,47,52,5,0,0,0,0
2022-04-09,62,635,302,60,120,27,5,34,39,0,0,30,48,126,47,52,5,0,0,0,0
2022-04-10,62,635,302,60,120,27,5,34,39,0,0,30,48,126,47,52,5,0,0,0,0
2022-04-11,57,630,299,60,120,27,5,34,39,0,0,30,48,126,47,52,5,0,0,0,0
2022-04-12,52,561,279,55,95,27,10,34,39,0,0,30,48,126,47,52,5,0,0,0,0
2022-04-13,47,561,279,47,95,22,3,34,39,0,0,30,48,126,47,52,5,0,0,0,0
2022-04-14,41,559,279,27,94,22,3,24,39,0,0,30,48,126,47,52,5,0,0,0,0
2022-04-15,33,556,279,23,94,22,3,24,39,0,0,30,48,126,47,52,5,0,0,0,0
2022-04-16,30,540,279,23,94,22,3,24,39,0,0,30,48,126,47,52,5,0,0,0,0
2022-04-17,30,540,279,23,94,22,3,24,39,0,0,30,48,126,47,52,5,0,0,0,0
2022-04-18,30,516,269,8,93,17,3,24,38,0,0,30,48,126,47,52,5,0,0,0,0
2022-04-19,30,475,267,8,93,7,3,24,38,0,0,30,48,126,47,52,5,0,0,0,0
2022-04-20,26,469,260,1,93,7,3,24,38,0,0,30,48,126,47,52,5,0,0,0,0
2022-04-21,26,434,250,-1,93,2,3,24,38,0,0,30,48,126,47,52,5,0,0,0,0
2022-04-22,25,412,235,-1,93,2,0,24,38,0,0,30,48,126,47,52,5,0,0,0,0
2022-04-23,24,411,200,-1,93,2,0,24,38,0,0,30,48,126,47,52,5,0,0,0,0
2022-04-24,24,411,200,-1,93,2,0,24,38,0,0,30,48,126,47,52,5,0,0,0,0
2022-04-25,23,405,200,-1,93,2,0,22,38,0,0,30,48,126,47,52,5,0,0,0,0
2022-04-26,23,385,200,-1,85,2,0,22,38,0,0,30,48,126,47,52,5,0,0,0,0
2022-04-27,23,383,184,-1,77,2,0,20,38,0,0,30,48,126,47,52,5,0,0,0,0
2022-04-28,23,345,181,-1,73,2,0,20,38,0,0,30,48,126,47,52,5,0,0,0,0
2022-04-29,23,345,181,-1,73,2,0,20,38,0,0,30,48,126,47,52,5,0,0,0,0
2022-04-30,23,345,181,-1,73,2,0,20,38,0,0,30,48,126,47,52,5,0,0,0,0
2022-05-01,23,345,181,-1,73,2,0,20,38,0,0,30,48,126,47,52,5,0,0,0,0
2022-05-02,23,345,181,-1,73,2,0,20,38,0,0,30,48,126,47,52,5,0,0,0,0
2022-05-03,143,655,431,141,63,52,30,20,38,20,30,30,48,126,47,52,5,0,0,0,0
2022-05-04,143,629,421,139,63,52,26,20,38,20,30,28,48,126,47,52,5,0,0,0,0
2022-05-05,143,627,419,139,63,52,26,20,38,20,30,28,48,126,47,52,5,0,0,0,0
2022-05-06,143,616,419,128,61,42,26,20,38,12,28,28,46,126,47,52,5,0,0,0,0
2022-05-07,143,606,419,128,61,41,26,20,38,12,28,28,46,126,47,52,5,0,0,0,0
2022-05-08,143,606,419,128,61,41,26,20,38,12,28,28,46,126,47,52,5,0,0,0,0
2022-05-09,134,593,409,128,61,41,26,20,38,12,28,28,46,126,47,52,5,0,0,0,0
2022-05-10,133,593,409,128,23,41,24,20,38,12,28,28,46,126,47,52,5,0,0,0,0
2022-05-11,133,583,406,128,23,41,24,20,38,12,28,28,46,116,47,52,5,0,0,0,0
2022-05-12,128,558,401,113,23,41,24,20,38,12,28,28,46,109,47,52,5,0,0,0,0
2022-05-13,128,539,398,107,23,41,22,20,38,12,28,28,46,109,47,52,5,0,0,0,0
2022-05-14,126,534,394,92,23,41,22,20,38,12,28,28,46,109,47,52,5,0,0,0,0
2022-05-15,126,534,394,92,23,41,22,20,38,12,28,28,46,109,47,52,5,0,0,0,0
2022-05-16,124,493,359,92,23,32,22,20,38,12,28,28,46,109,47,52,5,0,0,0,0
2022-05-17,115,491,359,76,23,29,22,20,38,12,28,28,46,109,47,52,5,0,0,0,0
2022-05-18,113,476,358,67,23,29,22,20,38,12,28,28,46,109,47,52,5,0,0,0,0
2022-05-19,113,476,358,42,23,29,21,20,38,12,28,28,46,109,47,52,5,0,0,0,0
2022-05-20,112,461,346,22,23,19,21,20,38,12,28,28,46,109,47,52,5,0,0,0,0
2022-05-21,107,461,346,22,23,19,21,20,38,12,28,26,46,109,45,50,5,0,0,0,0
2022-05-22,107,461,346,22,23,19,21,20,38,12,28,26,46,109,45,50,5,0,0,0,0
2022-05-23,107,449,345,22,23,19,21,20,38,12,28,26,46,109,45,50,5,0,0,0,0
2022-05-24,104,433,343,15,23,19,21,20,38,12,28,26,46,109,45,50,5,0,0,0,0
2022-05-25,104,433,343,15,14,19,21,20,38,12,28,26,46,109,45,50,5,0,0,0,0
2022-05-26,104,433,340,14,14,19,20,20,38,12,28,26,46,109,45,50,5,0,0,0,0
2022-05-27,104,408,337,14,14,0,19,20,38,12,28,26,46,96,45,50,5,0,0,0,0
2022-05-28,104,403,331,7,14,0,19,20,38,12,28,26,46,96,45,50,5,0,0,0,0
2022-05-29,104,403,331,7,14,0,19,20,38,12,28,26,46,96,45,50,5,0,0,0,0
2022-05-30,154,903,581,207,114,50,39,40,38,27,58,26,46,96,45,50,5,0,0,0,0
2022-05-31,154,897,578,197,114,50,39,40,38,26,58,26,46,96,45,50,5,0,0,0,0
2022-06-01,148,892,573,186,114,50,37,40,38,26,58,16,46,96,35,40,5,0,0,0,0
2022-06-02,146,842,556,186,109,45,37,37,38,26,58,16,16,96,35,40,5,0,0,0,0
2022-06-03,146,811,548,181,109,45,37,37,38,26,58,16,16,96,35,40,5,0,0,0,0
2022-06-04,145,811,548,180,109,45,37,37,38,26,58,16,0,96,35,40,5,0,0,0,0
2022-06-05,145,811,548,180,109,45,37,37,38,26,58,16,0,96,35,40,5,0,0,0,0
2022-06-06,145,807,548,180,106,45,37,37,38,26,58,16,0,96,35,40,5,0,0,0,0
2022-06-07,135,786,513,169,106,45,37,37,38,26,58,16,0,96,35,40,5,0,0,0,0
2022-06-08,134,772,500,166,106,45,37,37,38,26,58,16,0,96,35,40,5,0,0,0,0
2022-06-09,131,757,465,158,99,45,34,37,38,26,58,16,0,96,35,40,5,0,0,0,0
2022-06-10,128,740,465,158,98,45,30,37,38,26,58,16,0,96,35,40,5,0,0,0,0
2022-06-11,126,689,465,148,98,45,30,37,38,26,58,16,0,96,35,40,5,0,0,0,0
2022-06-12,126,689,465,148,98,45,30,37,38,26,58,16,0,96,35,40,5,0,0,0,0
2022-06-13,126,669,465,148,98,0,30,37,38,26,58,16,0,96,35,40,5,0,0,0,0
2022-06-14,120,611,465,148,98,0,30,37,38,26,53,16,0,93,35,40,5,0,0,0,0
2022-06-15,120,586,445,143,88,0,28,37,38,16,53,16,0,93,35,40,5,0,0,0,0
2022-06-16,114,571,445,143,34,40,28,37,38,16,53,16,0,93,35,40,5,0,0,0,0
2022-06-17,113,558,445,141,33,9,28,19,38,16,53,16,0,93,35,40,5,0,0,0,0
2022-06-18,113,525,442,141,31,9,28,19,38,16,53,16,0,93,35,40,5,0,0,0,0
2022-06-19,113,525,442,141,31,9,28,19,38,16,53,16,0,93,35,40,5,0,0,0,0
2022-06-20,113,489,442,140,31,0,28,19,38,11,53,16,0,93,35,40,5,0,0,0,0
2022-06-21,113,489,412,140,25,0,28,19,38,11,53,16,0,91,35,40,5,0,0,0,0
2022-06-22,98,469,412,140,25,0,28,19,38,11,53,16,0,91,35,40,5,0,0,0,0
2022-06-23,98,453,412,140,25,0,28,19,38,11,53,16,0,91,35,40,5,0,0,0,0
2022-06-24,94,448,412,140,25,0,28,19,38,11,53,16,0,91,35,40,5,0,0,0,0
2022-06-25,94,434,412,140,-3,0,28,19,38,11,53,16,0,91,35,40,5,0,0,0,0
2022-06-26,94,834,562,190,147,150,48,19,38,11,53,16,50,91,35,40,5,0,0,0,0
2022-06-27,94,814,551,190,86,150,48,19,38,11,53,16,50,86,35,40,5,0,0,0,0
2022-06-28,94,808,521,190,86,149,48,19,38,11,53,16,50,86,35,40,5,0,0,0,0
2022-06-29,92,758,521,176,86,149,48,19,38,11,53,16,50,84,35,40,5,0,0,0,0
2022-06-30,88,748,516,176,86,149,46,19,38,11,53,16,50,84,35,40,5,0,0,0,0
2022-07-01,88,748,516,176,86,148,46,19,38,11,53,16,50,84,35,40,5,0,0,0,0
2022-07-02,88,748,516,171,86,148,46,19,38,11,53,13,50,84,33,40,5,0,0,0,0
2022-07-03,88,748,516,171,86,148,46,19,38,11,53,13,50,84,33,40,5,0,0,0,0
2022-07-04,67,728,516,170,76,148,46,19,38,11,53,13,50,79,33,40,5,0,0,0,0
2022-07-05,63,700,511,164,75,143,46,19,38,11,53,13,50,79,33,40,5,0,0,0,0
2022-07-06,63,670,510,130,75,140,44,19,38,11,53,13,50,79,33,40,5,0,0,0,0
2022-07-07,63,650,510,130,75,140,44,19,38,11,53,13,50,79,33,40,5,0,0,0,0
2022-07-08,62,646,483,130,75,140,44,19,38,11,53,13,45,79,33,40,5,0,0,0,0
2022-07-09,62,646,483,130,75,140,44,19,38,11,53,13,45,74,28,40,5,0,0,0,0
2022-07-10,62,646,483,130,75,140,44,19,38,11,53,13,45,74,28,40,5,0,0,0,0
2022-07-11,62,626,481,129,75,140,44,19,38,11,53,11,45,74,25,40,5,0,0,0,0
2022-07-12,56,589,479,123,75,140,44,19,38,11,53,11,45,74,25,40,5,0,0,0,0
2022-07-13,51,568,479,118,75,140,38,19,38,11,53,11,45,74,25,40,5,0,0,0,0
2022-07-14,50,550,479,113,61,130,38,19,38,11,53,11,45,74,25,40,5,0,0,0,0
2022-07-15,50,545,479,113,61,130,38,19,38,11,53,11,45,74,25,40,5,0,0,0,0
2022-07-16,50,525,479,112,51,130,38,19,38,11,53,11,45,59,25,40,5,0,0,0,0
2022-07-17,50,525,479,112,51,130,38,19,38,11,53,11,45,59,25,40,5,0,0,0,0
2022-07-18,49,498,469,102,51,130,38,19,38,11,53,11,45,59,25,40,5,0,0,0,0
2022-07-19,44,398,459,92,51,130,37,19,38,11,53,11,45,59,25,40,5,0,0,0,0
2022-07-20,44,374,456,92,51,130,37,19,38,11,53,9,45,59,25,40,5,0,0,0,0
2022-07-21,42,359,456,92,51,130,37,19,38,11,53,9,45,59,25,40,5,0,0,0,0
2022-07-22,42,340,446,90,49,130,37,19,38,9,53,9,45,59,25,40,5,0,0,0,0
2022-07-23,42,319,446,82,49,130,37,19,38,9,53,9,45,59,25,40,5,0,0,0,0
2022-07-24,42,319,446,82,49,130,37,19,38,9,53,9,45,59,25,40,5,0,0,0,0
2022-07-25,36,307,441,81,49,130,37,19,38,9,53,9,45,49,25,40,5,0,0,0,0
2022-07-26,36,283,429,80,49,120,37,19,38,9,53,9,44,49,25,40,5,0,0,0,0
2022-07-27,35,263,429,80,46,117,37,19,38,9,53,9,44,49,25,40,5,0,0,0,0
2022-07-28,34,263,429,80,45,117,37,19,38,9,53,9,44,49,25,40,5,0,0,0,0
2022-07-29,14,258,416,75,45,117,35,19,38,9,53,9,44,49,20,37,5,0,0,0,0
2022-07-30,9,238,416,70,45,117,35,19,38,9,53,9,44,49,20,37,5,0,0,0,0
2022-07-31,9,238,416,70,45,117,35,19,38,9,53,9,44,49,20,37,5,0,0,0,0
2022-08-01,5,220,416,70,45,117,35,19,38,9,53,9,44,49,20,37,5,0,0,0,0
2022-08-02,2,156,411,65,45,117,35,19,38,9,53,9,44,49,20,37,5,0,0,0,0
2022-08-03,2,140,399,55,45,67,35,19,38,9,53,5,44,49,20,33,1,0,0,0,0
2022-08-04,2,130,387,54,45,67,35,19,38,9,53,5,44,49,20,33,1,0,0,0,0
2022-08-05,2,96,357,49,45,67,35,19,38,9,53,5,44,49,20,32,1,0,0,0,0
2022-08-06,2,92,338,46,45,67,35,19,38,9,53,5,44,49,20,32,1,0,0,0,0
2022-08-07,2,92,338,46,45,67,35,19,38,9,53,5,44,49,20,32,1,0,0,0,0
2022-08-08,2,85,338,46,45,66,35,19,38,9,53,5,44,49,20,32,1,0,0,0,0
2022-08-09,2,85,338,46,45,66,35,19,38,9,53,5,44,49,20,31,1,0,0,0,0
2022-08-10,2,85,338,36,45,61,35,19,38,9,53,5,44,49,20,31,1,0,0,0,0
2022-08-11,2,85,338,36,45,61,35,19,38,9,53,5,44,49,20,31,1,0,0,0,0
2022-08-12,2,83,335,36,45,61,35,19,38,9,53,5,44,49,20,31,1,0,0,0,0
2022-08-13,152,683,335,161,145,61,35,18,38,19,53,15,44,99,20,31,1,0,0,0,0
2022-08-14,152,683,335,161,145,61,35,18,38,19,53,15,44,99,20,31,1,0,0,0,0
2022-08-15,152,648,329,161,142,61,35,18,38,19,53,15,44,99,19,31,1,0,0,0,0
2022-08-16,152,637,328,161,122,61,35,18,38,19,53,15,44,99,19,31,1,0,0,0,0
2022-08-17,150,617,324,161,122,61,35,18,38,19,53,15,44,99,19,31,1,0,0,0,0
2022-08-18,150,592,324,161,122,61,33,18,38,19,53,15,44,99,19,31,1,0,0,0,0
2022-08-19,150,592,324,161,122,61,33,18,38,19,53,15,44,99,19,31,1,0,0,0,0
2022-08-20,150,580,318,161,122,59,33,18,38,19,53,15,44,99,19,31,1,0,0,0,0
2022-08-21,150,580,318,161,122,59,33,18,38,19,53,15,44,99,19,31,1,0,0,0,0
2022-08-22,125,547,296,150,112,59,33,18,38,19,53,15,44,99,17,31,1,0,0,0,0
2022-08-23,124,533,296,150,112,59,33,18,38,19,53,15,44,99,15,31,1,0,0,0,0
2022-08-24,122,518,291,135,112,59,33,18,38,19,53,15,32,99,13,31,1,0,0,0,0
2022-08-25,118,485,287,135,112,59,33,18,38,19,53,15,32,99,13,31,1,0,0,0,0
2022-08-26,112,467,287,135,47,56,33,18,38,19,53,15,32,99,13,31,1,0,0,0,0
2022-08-27,112,452,263,125,27,46,33,18,38,19,53,15,32,89,13,31,1,0,0,0,0
2022-08-28,112,452,263,125,27,46,33,18,38,19,53,15,32,89,13,31,1,0,0,0,0
2022-08-29,112,437,263,117,27,46,33,18,38,19,53,15,32,89,13,31,1,0,0,0,0
2022-08-30,110,377,253,117,27,46,33,18,38,19,53,15,32,88,13,31,1,0,0,0,0
2022-08-31,110,367,253,117,27,46,32,18,38,19,53,15,32,88,13,31,1,0,0,0,0
2022-09-01,110,367,252,117,24,43,32,18,38,19,53,15,32,88,13,31,1,0,0,0,0
2022-09-02,110,322,252,117,19,43,32,18,38,19,53,15,32,88,13,31,1,0,0,0,0
2022-09-03,107,313,252,115,19,43,32,16,38,19,53,15,32,88,13,31,1,0,0,0,0
2022-09-04,107,313,252,115,19,43,32,16,38,19,53,15,32,88,13,31,1,0,0,0,0
2022-09-05,107,312,252,115,19,43,32,16,38,19,53,13,32,88,7,31,1,0,0,0,0
2022-09-06,107,292,252,115,13,42,32,16,38,19,53,13,29,88,7,31,1,0,0,0,0
2022-09-07,106,292,244,115,13,42,32,16,38,19,53,13,29,88,7,31,1,0,0,0,0
2022-09-08,90,261,244,112,13,33,32,16,38,19,53,13,29,88,7,31,1,0,0,0,0
2022-09-09,80,259,234,102,13,33,32,16,38,19,53,13,29,88,7,31,1,0,0,0,0
2022-09-10,77,222,219,101,13,23,32,16,36,19,53,13,29,78,7,29,1,0,0,0,0
2022-09-11,77,222,219,101,13,23,32,16,36,19,53,13,29,78,7,29,1,0,0,0,0
2022-09-12,75,191,215,93,13,23,32,16,36,19,53,13,29,78,7,29,1,0,0,0,0
2022-09-13,64,106,215,93,9,23,32,16,36,19,53,13,29,78,7,29,1,0,0,0,0
2022-09-14,64,77,195,93,9,23,32,16,36,19,53,13,29,78,7,29,1,0,0,0,0
2022-09-15,54,77,195,93,9,23,32,16,36,19,53,13,29,78,7,29,1,0,0,0,0
2022-09-16,51,63,175,92,9,22,32,16,36,19,53,13,29,78,-2,29,1,0,0,0,0
2022-09-17,50,63,174,92,5,22,32,16,36,19,53,13,29,78,-2,29,1,0,0,0,0
2022-09-18,50,63,174,92,5,22,32,16,36,19,53,13,29,78,-2,29,1,0,0,0,0
2022-09-19,50,6,164,87,-3,17,31,16,36,19,53,13,29,78,-2,29,1,0,0,0,0
2022-09-20,46,111,159,67,22,17,28,16,36,19,53,13,29,78,-2,29,1,0,0,0,0
2022-09-21,43,71,159,67,22,17,28,16,36,19,53,13,29,78,-2,29,1,0,0,0,0
2022-09-22,43,9,159,52,22,17,28,16,36,19,53,13,29,78,-2,29,1,0,0,0,0
2022-09-23,43,9,159,52,22,17,28,16,36,19,53,13,29,78,-2,29,1,0,0,0,0
2022-09-24,43,4,154,47,22,17,28,16,36,19,53,13,29,78,-2,29,1,0,0,0,0
2022-09-25,43,4,154,47,22,17,28,16,36,19,53,13,29,78,-2,29,1,0,0,0,0
2022-09-26,93,284,154,47,172,87,28,16,36,19,53,13,29,78,18,29,1,0,0,0,0
2022-09-27,93,281,153,47,172,86,28,16,36,19,53,13,29,78,18,29,1,0,0,0,0
2022-09-28,93,211,103,42,168,86,28,16,36,19,53,13,9,78,18,29,1,0,0,0,0
2022-09-29,90,77,93,29,168,86,18,16,36,19,53,13,9,78,18,29,1,0,0,0,0
2022-09-30,90,67,88,29,168,86,18,14,36,18,52,13,9,78,18,29,1,0,0,0,0
2022-10-01,85,33,81,29,148,85,18,14,36,18,52,13,9,63,18,29,1,0,0,0,0
2022-10-02,85,33,81,29,148,85,18,14,36,18,52,13,9,63,18,29,1,0,0,0,0
2022-10-03,85,180,81,29,148,83,18,14,36,18,52,13,9,63,18,29,1,0,0,0,0
2022-10-04,69,126,71,26,148,83,18,14,36,18,52,13,9,63,18,29,1,0,0,0,0
2022-10-05,64,75,59,17,148,83,18,14,36,18,52,13,9,63,18,29,1,0,0,0,0
2022-10-06,48,67,52,14,146,83,10,14,36,18,52,13,9,58,18,29,1,0,0,0,0
2022-10-07,42,57,52,14,141,83,10,14,36,18,52,13,9,56,8,29,1,0,0,0,0
2022-10-08,41,41,52,6,141,83,10,14,36,18,52,13,9,56,8,29,1,0,0,0,0
2022-10-09,41,41,52,6,141,83,10,14,36,18,52,13,9,56,8,29,1,0,0,0,0
2022-10-10,39,12,41,5,141,83,10,14,36,18,52,13,9,56,8,29,1,0,0,0,0
2022-10-11,36,-13,34,0,141,83,10,14,36,18,52,13,9,54,7,29,1,0,0,0,0
2022-10-12,36,-13,19,0,130,83,10,9,36,18,52,13,9,52,7,29,1,0,0,0,0
2022-10-13,121,635,269,147,130,83,15,9,36,18,52,33,9,52,27,39,1,0,0,0,0
2022-10-14,118,630,264,147,130,81,15,9,36,18,52,33,9,52,27,39,1,0,0,0,0
2022-10-15,109,602,264,147,130,81,15,9,36,18,52,33,9,52,27,39,1,0,0,0,0
2022-10-16,109,602,264,147,130,81,15,9,36,18,52,33,9,52,27,39,1,0,0,0,0
2022-10-17,106,592,261,147,130,81,15,9,36,18,52,33,0,52,27,39,1,0,0,0,0
2022-10-18,106,577,261,67,130,79,15,9,36,18,52,33,0,52,27,39,1,0,0,0,0
2022-10-19,106,577,261,67,130,79,11,9,36,18,52,33,0,52,27,39,1,0,0,0,0
2022-10-20,88,557,261,45,130,77,11,9,36,18,52,33,0,52,27,39,1,0,0,0,0
2022-10-21,88,557,261,45,130,77,11,9,36,18,52,33,0,52,27,39,1,0,0,0,0
2022-10-22,88,557,261,45,130,77,11,9,36,18,52,33,0,52,27,39,1,0,0,0,0
2022-10-23,88,557,261,45,130,77,11,9,36,18,52,33,0,52,27,39,1,0,0,0,0
2022-10-24,88,557,261,45,130,77,11,9,36,18,52,33,0,52,27,39,1,0,0,0,0
2022-10-25,88,557,261,45,130,77,11,9,36,18,52,33,0,52,27,39,1,0,0,0,0
2022-10-26,88,557,261,45,130,77,11,9,36,18,52,33,0,52,27,39,1,0,0,0,0
2022-10-27,88,557,261,45,130,77,11,9,36,18,52,33,0,52,27,39,1,0,0,0,0
2022-10-28,88,557,261,45,130,77,11,9,36,18,52,33,0,52,27,39,1,0,0,0,0
2022-10-29,88,557,261,45,130,77,11,9,36,18,52,33,0,52,27,39,1,0,0,0,0
2022-10-30,88,557,261,45,130,77,11,9,36,18,52,33,0,52,27,39,1,0,0,0,0
2022-10-31,88,501,246,39,129,77,11,9,36,18,52,33,0,52,27,39,1,0,0,0,0
2022-11-01,88,499,246,39,29,77,11,9,36,18,52,33,0,52,27,39,1,0,0,0,0
2022-11-02,88,494,242,38,29,77,11,9,36,18,52,33,0,52,27,39,1,0,0,0,0
2022-11-03,78,470,236,35,29,77,11,9,36,18,27,33,0,52,27,39,1,0,0,0,0
2022-11-04,78,470,236,35,29,77,11,9,36,18,27,31,0,52,27,36,1,0,0,0,0
2022-11-05,75,410,226,35,29,77,8,9,36,18,27,19,0,52,25,36,1,0,0,0,0
2022-11-06,75,410,226,35,29,77,8,9,36,18,27,19,0,52,25,36,1,0,0,0,0
2022-11-07,64,400,226,35,13,77,8,9,36,18,27,19,0,52,25,36,1,0,0,0,0
2022-11-08,64,385,221,35,13,77,8,9,36,18,27,19,0,52,25,36,1,0,0,0,0
2022-11-09,64,342,201,35,13,77,8,9,36,18,27,19,0,52,25,36,1,0,0,0,0
2022-11-10,64,342,198,35,13,77,8,8,36,18,27,19,0,52,25,36,1,0,0,0,0
2022-11-11,47,319,194,22,13,77,8,8,36,18,27,19,0,52,25,36,1,0,0,0,0
2022-11-12,44,248,194,20,13,77,8,8,36,18,27,19,0,52,25,36,1,0,0,0,0
2022-11-13,44,248,194,20,13,77,8,8,36,18,27,19,0,52,25,36,1,0,0,0,0
2022-11-14,44,231,169,18,13,77,8,8,36,18,27,19,0,52,25,36,1,0,0,0,0
2022-11-15,44,211,159,1,12,77,8,8,36,18,27,19,0,52,24,31,1,0,0,0,0
2022-11-16,36,188,139,13,11,72,8,8,36,18,27,19,0,47,24,31,1,0,0,0,0
2022-11-17,36,176,139,13,11,72,8,8,36,18,27,19,0,47,24,31,1,0,0,0,0
2022-11-18,35,140,137,12,11,71,6,8,36,13,27,17,0,47,24,31,1,0,0,0,0
2022-11-19,32,121,133,6,11,71,3,8,36,13,27,17,0,47,24,31,1,0,0,0,0
2022-11-20,32,121,133,1,11,71,3,8,36,13,27,17,0,47,24,31,1,0,0,0,0
2022-11-21,32,121,133,1,-9,71,3,8,36,12,0,17,0,47,24,31,1,0,0,0,0
2022-11-22,30,99,128,1,-16,61,3,8,36,12,0,17,0,47,24,31,1,0,0,0,0
2022-11-23,30,99,128,1,-16,59,3,8,36,12,0,17,0,47,24,31,1,0,0,0,0
2022-11-24,30,59,98,-1,-42,59,2,8,36,12,0,17,0,47,24,31,1,0,0,0,0
2022-11-25,97,549,296,173,58,107,22,8,36,12,50,17,50,47,24,31,1,0,0,0,0
2022-11-26,97,543,296,172,8,106,22,8,36,12,50,17,0,47,24,31,1,0,0,0,0
2022-11-27,97,543,296,172,-2,106,22,8,36,12,50,17,0,47,24,31,1,0,0,0,0
2022-11-28,97,543,296,172,-2,106,22,8,36,12,50,17,0,47,24,31,1,0,0,0,0
2022-11-29,97,483,266,171,-2,106,19,8,36,12,50,17,0,47,24,31,1,0,0,0,0
2022-11-30,97,483,266,171,-2,106,19,8,36,12,50,17,0,47,24,31,1,0,0,0,0
2022-12-01,91,424,240,151,-42,99,15,8,36,12,50,17,0,47,24,31,1,0,0,0,0
2022-12-02,91,421,240,148,-42,99,15,8,36,12,50,17,0,47,24,31,1,0,0,0,0
2022-12-03,91,421,207,148,-42,99,15,8,36,12,50,17,0,47,24,31,1,0,0,0,0
2022-12-04,91,421,207,148,-42,99,15,8,36,12,50,17,0,47,24,31,1,0,0,0,0
2022-12-05,91,420,206,145,-42,98,15,8,36,12,50,17,0,47,24,31,1,0,0,0,0
2022-12-06,87,420,206,130,-42,98,15,8,36,12,50,17,0,47,24,31,1,0,0,0,0
2022-12-07,80,375,198,120,-48,98,15,-1,36,12,50,17,0,47,24,31,1,0,0,0,0
2022-12-08,80,375,198,118,-48,98,15,-1,36,12,50,17,0,47,24,31,1,0,0,0,0
2022-12-09,77,350,185,113,-48,98,15,-1,36,12,50,17,0,47,24,31,1,0,0,0,0
2022-12-10,77,342,185,110,-48,98,15,-1,36,12,50,17,0,47,24,31,1,0,0,0,0
2022-12-11,77,342,185,110,-48,98,15,-1,36,12,50,17,0,47,24,31,1,0,0,0,0
2022-12-12,77,342,185,109,-48,98,15,-1,36,11,50,11,0,42,24,31,1,0,0,0,0
2022-12-13,68,308,183,104,-48,98,13,-1,36,11,50,11,0,42,24,31,1,0,0,0,0
2022-12-14,63,283,168,94,-48,98,13,-1,36,11,50,11,0,42,24,31,1,0,0,0,0
2022-12-15,62,276,166,94,-48,98,13,-1,36,11,50,11,0,42,24,31,1,0,0,0,0
2022-12-16,62,266,166,84,-48,98,13,-1,36,11,50,11,0,26,24,31,1,0,0,0,0
2022-12-17,62,247,151,84,-48,98,13,-1,36,11,50,11,0,26,24,31,1,0,0,0,0
2022-12-18,61,245,151,83,-48,98,13,-1,36,11,50,11,0,26,24,31,1,0,0,0,0
2022-12-19,57,210,143,83,-48,98,13,-1,36,11,50,11,0,26,24,31,1,0,0,0,0
2022-12-20,55,185,143,83,-48,98,13,-1,36,11,50,11,0,3,24,31,1,0,0,0,0
2022-12-21,55,175,143,78,-48,93,13,-1,36,11,50,11,0,3,24,31,1,0,0,0,0
2022-12-22,47,170,143,78,-48,93,13,-1,36,11,35,11,0,3,24,31,1,0,0,0,0
2022-12-23,47,160,138,78,-48,93,13,-1,36,11,35,11,0,3,24,31,1,0,0,0,0
2022-12-24,47,150,128,78,-48,92,13,-1,36,11,35,11,0,3,24,31,1,0,0,0,0
2022-12-25,47,150,128,78,-48,92,13,-1,36,11,35,11,0,3,24,31,1,0,0,0,0
2022-12-26,44,129,128,77,-48,89,13,-1,36,11,35,11,0,3,24,31,1,0,0,0,0
2022-12-27,110,774,393,195,132,84,13,19,36,8,35,21,50,28,24,31,1,0,0,0,0
2022-12-28,110,774,363,195,127,84,13,19,36,8,35,20,50,28,24,30,1,0,0,0,0
2022-12-29,110,754,363,195,127,84,13,19,36,8,35,20,50,28,24,30,1,0,0,0,0
2022-12-30,104,708,352,194,127,84,13,19,36,8,35,20,48,23,19,30,1,0,0,0,0
2022-12-31,104,694,352,194,127,81,13,19,36,8,33,20,48,23,19,30,1,0,0,0,0
2023-01-01,104,694,352,194,127,81,13,19,36,8,33,20,48,23,19,30,1,0,0,0,0
2023-01-02,99,649,350,159,112,81,13,19,36,8,33,20,48,23,19,30,1,0,0,0,0
2023-01-03,94,609,280,159,112,71,13,19,36,8,33,20,48,18,19,30,1,0,0,0,0
2023-01-04,94,523,254,154,82,71,11,19,36,8,33,20,48,18,19,30,1,0,0,0,0
2023-01-05,92,518,254,154,82,71,11,19,36,8,33,20,48,18,19,30,1,0,0,0,0
2023-01-06,92,486,250,154,69,71,11,19,36,8,33,20,48,18,19,30,1,0,0,0,0
2023-01-07,90,472,218,152,69,71,11,19,36,8,33,20,48,18,19,29,1,0,0,0,0
2023-01-08,90,472,218,152,69,71,11,19,36,8,33,20,48,18,19,29,1,0,0,0,0
2023-01-09,90,447,208,147,59,71,11,19,36,8,33,20,48,13,19,29,1,0,0,0,0
2023-01-10,90,447,179,147,53,69,11,19,36,8,33,20,48,0,19,29,1,0,0,0,0
2023-01-11,87,443,179,147,53,69,11,19,36,8,33,19,48,0,19,29,1,0,0,0,0
2023-01-12,87,441,179,147,53,69,11,18,36,8,20,19,48,0,19,29,1,0,0,0,0
2023-01-13,85,414,175,135,53,66,11,-1,36,7,20,19,48,0,19,29,1,0,0,0,0
2023-01-14,85,414,175,135,53,66,11,-1,36,7,20,19,48,0,19,29,1,0,0,0,0
2023-01-15,85,414,175,135,53,66,11,-1,36,7,20,19,48,0,19,29,1,0,0,0,0
2023-01-16,85,402,171,135,53,66,11,-1,36,7,20,18,48,0,19,29,1,0,0,0,0
2023-01-17,81,387,171,135,43,66,11,-1,36,7,10,18,48,0,19,29,1,0,0,0,0
2023-01-18,79,277,141,125,43,66,11,-1,36,7,10,18,38,0,19,29,1,0,0,0,0
2023-01-19,75,220,111,115,43,51,10,-1,36,7,10,18,18,0,19,29,1,0,0,0,0
2023-01-20,74,212,101,113,43,51,10,-1,36,7,10,18,8,0,19,29,1,0,0,0,0
2023-01-21,74,204,101,110,43,51,10,-1,36,7,10,10,2,0,9,7,1,0,0,0,0
2023-01-22,74,204,101,110,43,51,10,-1,36,7,10,10,2,0,9,7,1,0,0,0,0
2023-01-23,74,202,101,110,43,11,10,-1,36,7,10,8,2,0,9,7,1,0,0,0,0
2023-01-24,72,201,94,110,23,6,10,-1,36,7,10,7,2,0,9,7,1,0,0,0,0
2023-01-25,67,185,94,110,23,0,10,-1,36,7,10,7,2,0,9,7,1,0,0,0,0
2023-01-26,67,163,84,105,23,0,10,-1,36,7,10,0,2,0,9,7,1,0,0,0,0
2023-01-27,67,163,72,105,23,0,10,-1,36,7,10,0,2,0,9,7,1,0,0,0,0
2023-01-28,64,163,62,105,23,0,10,-1,36,7,10,0,2,0,9,7,1,0,0,0,0
2023-01-29,64,163,62,105,23,0,10,-1,36,7,10,0,2,0,9,7,1,0,0,0,0
2023-01-30,48,160,52,82,16,0,10,-1,36,7,10,0,2,0,9,7,1,0,0,0,0
2023-01-31,48,150,52,82,16,0,10,-1,36,7,10,0,2,0,9,7,1,0,-10,0,0
2023-02-01,47,144,45,81,15,0,10,-1,36,7,10,0,2,0,9,7,1,0,-10,0,0
2023-02-02,90,563,224,150,115,88,10,19,30,7,60,20,12,87,34,32,1,0,60,0,0
2023-02-03,90,563,204,150,115,88,10,19,30,7,48,20,12,87,34,32,1,0,60,0,0
2023-02-04,80,549,199,150,115,88,10,19,30,7,48,20,12,87,34,32,1,0,60,0,0
2023-02-05,80,549,199,150,115,88,10,19,30,7,48,20,12,87,34,32,1,0,60,0,0
2023-02-06,80,515,179,150,115,88,10,19,30,7,48,20,12,87,34,32,1,0,60,0,0
2023-02-07,80,489,179,24,115,88,10,19,30,7,48,20,12,87,34,32,1,0,60,0,0
2023-02-08,78,467,162,9,115,88,10,19,30,7,28,20,12,87,34,32,1,0,60,0,0
2023-02-09,78,466,162,9,115,88,5,19,30,7,28,20,10,87,34,32,1,0,56,0,0
2023-02-10,78,447,151,9,115,88,5,19,30,7,28,17,10,87,34,32,1,0,56,0,0
2023-02-11,76,435,151,9,114,88,5,19,30,7,28,17,10,87,34,32,1,0,56,0,0
2023-02-12,76,435,151,9,114,88,5,19,30,7,28,17,10,87,34,32,1,0,56,0,0
2023-02-13,63,408,148,9,114,88,5,19,30,7,28,17,10,87,34,32,1,0,56,0,0
2023-02-14,63,394,148,9,114,87,5,19,30,7,28,17,10,87,34,32,1,0,56,0,0
2023-02-15,55,354,136,1,114,86,5,19,30,7,28,17,10,87,34,32,1,0,56,0,0
2023-02-16,55,344,132,1,114,86,5,19,30,7,28,17,10,87,34,32,1,0,56,0,0
2023-02-17,55,339,125,1,84,86,5,19,30,7,28,17,10,87,34,32,1,0,56,0,0
2023-02-18,55,339,125,1,79,86,5,19,30,7,28,17,10,87,34,32,1,0,56,0,0
2023-02-19,55,339,125,1,79,86,5,19,30,7,28,17,10,87,34,32,1,0,56,0,0
2023-02-20,50,313,105,1,79,86,5,18,30,7,28,16,9,86,34,32,1,0,56,0,0
2023-02-21,50,199,105,1,79,83,5,18,30,7,28,16,9,86,34,32,1,0,56,0,0
2023-02-22,41,184,105,0,79,83,5,18,30,7,28,10,9,86,34,31,1,0,56,0,0
2023-02-23,41,164,100,0,76,83,5,18,30,7,28,10,0,86,34,31,1,0,56,0,0
2023-02-24,40,164,100,0,76,83,5,18,30,7,28,10,0,86,34,31,1,0,56,0,0
2023-02-25,40,164,100,0,63,82,5,18,30,5,28,10,0,86,34,31,1,0,56,0,0
2023-02-26,40,164,100,0,63,82,5,18,30,5,28,10,0,86,34,31,1,0,56,0,0
2023-02-27,38,128,95,0,63,82,5,18,30,5,28,10,0,86,34,31,1,0,56,0,0
2023-02-28,38,124,92,0,63,72,5,18,29,5,28,8,0,84,33,31,1,0,56,0,0
2023-03-01,38,83,92,0,63,71,5,18,29,5,28,8,0,84,33,31,1,0,56,0,0
2023-03-02,38,81,90,0,63,65,5,18,29,5,28,8,0,84,33,31,1,0,56,0,0
2023-03-03,33,51,88,0,53,65,5,18,29,5,28,8,0,84,33,31,1,0,56,0,0
2023-03-04,33,49,83,0,53,64,5,17,29,4,28,8,0,84,33,31,1,0,56,0,0
2023-03-05,33,49,83,0,53,64,5,17,29,4,28,8,0,84,33,31,1,0,56,0,0
2023-03-06,122,599,333,143,103,64,15,17,29,14,28,18,100,84,28,31,1,0,56,0,0
2023-03-07,122,593,316,127,100,64,15,-1,29,14,28,18,100,84,28,31,1,0,56,0,0
2023-03-08,122,593,316,127,100,64,15,-1,29,14,28,18,100,84,28,31,1,0,56,0,0
2023-03-09,122,586,306,127,100,63,11,-1,29,14,28,18,100,84,28,31,1,0,56,0,0
2023-03-10,98,586,273,109,100,63,10,-1,29,4,28,18,90,84,28,31,1,0,56,0,0
2023-03-11,91,578,273,108,100,63,10,-1,29,4,28,13,90,84,28,26,1,0,56,0,0
2023-03-12,91,578,273,108,100,63,10,-1,29,4,28,13,90,84,28,26,1,0,56,0,0
2023-03-13,90,578,273,107,100,55,10,-1,29,0,28,13,90,83,28,26,1,0,56,0,0
2023-03-14,90,576,273,107,100,55,10,-1,29,0,28,13,90,83,28,26,1,0,56,0,0
2023-03-15,90,572,273,106,100,48,10,-1,29,0,28,10,90,83,28,26,1,0,56,0,0
2023-03-16,90,568,263,101,100,48,10,-1,29,0,28,10,90,83,28,26,1,0,56,0,0
2023-03-17,75,556,263,101,100,28,10,-1,29,0,28,10,90,83,23,26,1,0,56,0,0
2023-03-18,71,556,262,101,40,28,10,-1,29,0,28,10,90,83,23,26,1,0,56,0,0
2023-03-19,71,556,262,101,40,28,10,-1,29,0,28,10,90,83,23,26,1,0,56,0,0
2023-03-20,71,547,262,95,40,28,10,-1,29,0,28,10,90,83,23,26,1,0,56,0,0
2023-03-21,69,537,256,93,38,28,10,-1,29,0,28,10,90,83,23,26,1,0,56,0,0
2023-03-22,69,491,246,93,38,28,10,-1,29,0,28,10,90,83,18,26,1,0,56,0,0
2023-03-23,69,486,244,93,38,28,10,-1,29,0,28,10,90,83,18,26,1,0,56,0,0
2023-03-24,69,485,244,93,38,28,10,-1,29,0,28,10,90,83,18,11,1,0,56,0,0
2023-03-25,66,352,213,93,18,28,9,-1,29,0,28,10,90,83,18,11,1,0,56,0,0
2023-03-26,66,352,213,93,18,28,9,-1,29,0,28,10,90,83,18,11,1,0,56,0,0
2023-03-27,54,352,212,91,-2,28,9,-1,29,0,28,10,90,83,18,11,1,0,56,0,0
2023-03-28,54,337,212,91,-2,28,9,-1,29,0,27,10,90,83,18,11,1,0,56,0,0
2023-03-29,46,311,197,83,-13,28,9,-1,29,0,27,10,90,83,18,11,1,0,56,0,0
2023-03-30,46,309,197,83,-13,28,9,-1,29,0,27,10,90,83,18,11,1,0,56,0,0
2023-03-31,46,307,197,82,-13,28,9,-1,29,0,27,10,90,83,18,11,1,0,56,0,0
2023-04-01,44,286,182,81,-23,28,9,-1,29,0,27,10,80,83,18,11,1,0,56,0,0
2023-04-02,44,286,182,81,-23,28,9,-1,29,0,27,10,80,83,18,11,1,0,56,0,0
2023-04-03,114,885,424,181,127,78,9,29,29,20,27,30,80,83,48,31,1,0,56,0,0
2023-04-04,112,877,424,176,127,73,9,29,29,20,27,30,80,83,48,31,1,0,48,0,0
2023-04-05,112,875,424,176,127,66,9,29,29,20,27,30,80,83,48,31,1,0,48,0,0
2023-04-06,110,825,415,173,127,66,9,29,29,20,27,28,80,83,48,31,1,0,48,0,0
2023-04-07,110,789,415,173,117,66,9,29,29,12,27,28,80,83,48,31,1,0,46,0,0
2023-04-08,108,731,375,134,117,56,9,29,29,12,27,28,80,63,43,31,1,0,46,0,0
2023-04-09,108,731,375,134,117,56,9,29,29,12,27,28,80,63,43,31,1,0,46,0,0
2023-04-10,108,711,369,134,117,36,9,29,29,12,27,28,80,63,43,31,1,0,33,0,0
2023-04-11,108,703,369,134,117,32,9,29,29,12,27,27,80,55,34,31,1,0,33,0,0
2023-04-12,106,663,369,134,117,29,9,29,29,12,27,27,80,55,34,31,1,0,33,0,0
2023-04-13,106,661,369,124,117,29,9,29,29,12,27,27,80,55,34,31,1,0,33,0,0
2023-04-14,106,649,367,124,117,29,9,29,29,12,27,27,80,55,34,31,1,0,33,0,0
2023-04-15,97,617,362,124,117,29,9,29,29,12,27,27,80,45,34,31,1,0,33,0,0
2023-04-16,97,617,362,124,117,29,9,29,29,12,27,27,80,45,34,31,1,0,33,0,0
2023-04-17,97,606,361,124,115,29,9,29,29,12,27,27,80,45,34,31,1,0,33,0,0
2023-04-18,97,596,361,124,115,29,9,29,29,12,27,27,80,45,34,23,1,0,33,0,0
2023-04-19,79,578,351,124,113,24,9,29,29,12,27,27,80,45,34,23,1,0,33,0,0
2023-04-20,79,543,351,123,105,24,9,29,29,12,27,27,80,41,34,23,1,0,33,0,0
2023-04-21,79,538,336,123,105,24,9,29,29,12,27,27,80,41,34,23,1,0,33,0,0
2023-04-22,79,530,332,120,105,19,8,29,29,12,27,26,80,41,34,23,1,0,33,0,0
2023-04-23,79,530,332,120,105,19,8,29,29,12,27,26,80,41,34,23,1,0,33,0,0
2023-04-24,79,527,332,118,105,9,8,29,29,12,27,26,80,41,34,23,1,0,33,0,0
2023-04-25,79,524,332,118,105,9,8,29,29,12,15,26,80,41,34,23,1,0,33,0,0
2023-04-26,78,516,332,117,105,7,8,29,29,12,15,25,80,41,24,23,1,0,33,0,0
2023-04-27,78,498,327,110,105,7,8,29,29,12,15,25,80,41,24,23,1,0,33,0,0
2023-04-28,74,474,310,109,105,1,8,29,29,12,15,15,80,41,24,23,1,0,33,0,0
2023-04-29,74,433,310,109,105,0,8,29,28,12,15,11,80,37,24,23,1,0,33,0,0
2023-04-30,74,433,310,109,105,0,8,29,28,12,15,11,80,37,24,23,1,0,33,0,0
2023-05-01,74,413,310,99,105,0,8,29,28,12,15,11,80,37,24,23,1,0,33,0,0
2023-05-02,73,408,300,97,105,15,8,29,28,12,15,11,78,37,24,23,1,0,33,0,0
2023-05-03,73,398,289,96,105,15,8,29,28,12,15,11,78,37,24,23,1,0,33,0,0
2023-05-04,73,389,289,90,105,15,8,29,28,12,15,11,78,37,24,23,1,0,33,0,0
2023-05-05,67,387,283,88,105,15,8,29,28,12,15,11,78,37,24,23,1,0,33,0,0
2023-05-06,66,368,283,88,105,14,7,29,28,12,15,11,78,37,24,23,1,0,33,0,0
2023-05-07,66,368,283,88,105,14,7,29,28,12,15,11,78,37,24,23,1,0,33,0,0
2023-05-08,66,367,283,86,105,14,7,29,28,12,15,11,78,37,24,23,1,0,33,0,0
2023-05-09,66,342,283,86,104,14,7,29,28,12,15,11,58,37,24,23,1,0,33,0,0
2023-05-10,54,327,283,86,104,14,7,29,28,12,15,11,56,37,24,23,1,0,33,0,0
2023-05-11,52,317,280,86,104,14,7,29,28,12,15,11,56,37,24,20,1,0,33,0,0
2023-05-12,52,301,276,83,104,6,5,29,28,12,15,1,56,37,24,20,1,0,33,0,0
2023-05-13,52,277,240,83,104,6,5,29,28,12,12,1,56,37,24,20,1,0,33,0,0
2023-05-14,52,277,240,83,104,6,5,29,28,12,12,1,56,37,24,20,1,0,33,0,0
2023-05-15,52,252,237,83,104,6,5,29,28,12,12,1,56,34,24,20,1,0,33,0,0
2023-05-16,47,252,225,78,104,6,5,29,28,12,12,1,56,34,24,20,1,0,33,0,0
2023-05-17,47,241,225,78,103,6,5,29,28,12,12,1,56,34,24,20,1,0,33,0,0
2023-05-18,42,214,191,68,103,6,5,24,28,7,7,1,56,34,24,20,1,0,33,0,0
2023-05-19,42,214,191,68,103,6,5,24,28,7,7,1,56,34,24,20,1,0,33,0,0
2023-05-20,42,110,166,62,103,6,4,24,28,7,7,1,56,34,24,20,1,0,3,0,0
2023-05-21,42,110,166,62,103,6,4,24,28,7,7,1,56,34,24,20,1,0,3,0,0
2023-05-22,41,104,166,62,103,6,4,24,28,7,7,1,56,34,24,10,1,0,3,0,0
2023-05-23,41,96,165,62,103,6,4,24,28,7,7,1,56,14,24,10,1,0,3,0,0
2023-05-24,41,86,165,57,103,6,4,24,23,7,7,1,56,4,24,10,1,0,-18,0,0
2023-05-25,40,86,165,57,103,3,4,24,23,7,7,1,56,4,24,8,1,0,-18,0,0
2023-05-26,33,74,165,44,103,3,4,24,23,7,-3,0,56,4,11,3,1,0,-18,0,0
2023-05-27,28,51,159,37,98,3,4,19,23,7,-3,0,56,4,11,3,1,0,-18,0,0
2023-05-28,28,51,159,37,98,3,4,19,23,7,-3,0,56,4,11,3,1,0,-18,0,0
2023-05-29,20,46,159,29,98,3,4,19,23,7,-3,0,56,4,11,3,1,0,-18,0,0
2023-05-30,19,18,153,0,97,3,4,19,23,7,-3,0,56,4,11,3,1,0,-18,0,0
2023-05-31,19,18,152,0,97,3,4,19,23,7,-3,-10,56,4,6,-2,1,0,-18,0,0
2023-06-01,59,367,252,70,92,53,4,19,23,17,27,0,106,54,6,8,1,0,82,0,0
2023-06-02,55,367,250,70,92,53,4,19,23,17,27,0,106,54,6,8,1,0,82,0,0
2023-06-03,55,360,250,65,92,47,3,19,23,17,27,0,106,51,6,8,1,0,82,0,0
2023-06-04,55,360,250,65,92,47,3,19,23,17,27,0,106,51,6,8,1,0,82,0,0
2023-06-05,34,291,218,58,62,31,3,19,23,17,27,0,106,51,6,8,1,0,82,0,0
2023-06-06,24,289,218,53,62,31,3,19,23,17,27,0,106,51,6,8,1,0,82,0,0
2023-06-07,24,249,188,43,62,21,3,19,23,17,11,0,106,51,6,8,1,0,82,0,0
2023-06-08,24,249,183,43,62,21,3,19,23,17,11,4,106,51,6,8,1,0,82,0,0
2023-06-09,24,237,178,43,62,21,3,19,23,17,11,4,106,51,6,8,1,0,82,0,0
2023-06-10,16,221,178,43,62,11,3,19,23,17,11,4,106,47,6,8,1,0,82,0,0
2023-06-11,16,221,178,43,62,11,3,19,23,17,11,4,106,47,6,8,1,0,82,0,0
2023-06-12,16,197,173,43,62,11,2,19,23,17,11,3,105,30,6,6,1,0,82,0,0
2023-06-13,12,197,166,23,37,11,2,19,23,17,11,2,105,5,6,6,1,0,82,0,0
2023-06-14,10,170,160,13,37,11,2,18,23,17,11,8,105,5,6,6,1,0,82,0,0
2023-06-15,10,134,160,13,37,11,2,18,23,17,11,8,105,5,6,6,1,0,82,0,0
2023-06-16,10,114,160,13,37,0,2,18,23,17,11,8,105,5,6,6,1,0,82,0,0
2023-06-17,7,111,130,13,37,0,2,17,23,6,1,8,95,5,6,6,1,0,82,0,0
2023-06-18,7,111,60,13,37,0,2,17,23,6,1,8,95,5,6,6,1,0,82,0,0
2023-06-19,7,109,50,7,37,0,2,17,23,6,1,8,95,5,6,6,1,0,82,0,0
2023-06-20,7,104,48,0,37,0,2,17,23,6,1,6,95,-3,6,0,1,0,82,0,0
2023-06-21,107,375,182,95,87,60,2,17,23,6,17,36,83,97,56,30,1,0,82,0,0
2023-06-22,106,359,182,95,85,60,2,17,23,6,17,36,83,97,56,24,1,0,82,0,0
2023-06-23,106,359,182,95,85,60,2,17,23,6,17,36,83,97,56,24,1,0,82,0,0
2023-06-24,101,353,180,94,85,44,2,17,23,6,17,36,83,92,36,24,1,0,82,0,0
2023-06-25,101,353,180,94,85,44,2,17,23,6,17,36,83,92,36,24,1,0,82,0,0
2023-06-26,94,318,180,45,71,44,2,17,23,6,17,36,83,89,36,24,1,0,82,0,0
2023-06-27,86,233,140,40,68,21,2,17,23,6,17,31,83,74,26,14,1,0,82,0,0
2023-06-28,85,233,132,40,66,14,2,17,23,6,17,31,83,74,26,14,1,0,82,0,0
2023-06-29,85,223,132,40,66,14,2,17,23,6,17,31,83,74,26,14,1,0,82,0,0
2023-06-30,81,219,132,40,66,14,2,17,23,6,17,31,83,69,26,14,1,0,82,0,0
2023-07-01,72,217,128,35,66,14,2,17,23,6,17,31,83,65,26,14,1,0,82,0,0
2023-07-02,72,217,128,35,66,14,2,17,13,6,17,26,83,65,26,4,1,0,82,0,0
2023-07-03,72,211,122,35,57,12,2,17,13,6,17,26,83,65,26,4,1,0,82,0,0
2023-07-04,72,201,122,35,57,11,2,17,13,6,17,26,83,65,26,4,1,0,82,0,0
2023-07-05,64,124,102,25,57,11,2,17,13,6,17,26,83,65,26,4,1,0,82,0,0
2023-07-06,62,119,92,25,57,11,2,17,13,6,17,24,83,65,26,4,1,0,82,0,0
2023-07-07,62,103,92,25,57,11,2,17,13,6,17,24,83,62,26,4,1,0,82,0,0
2023-07-08,62,73,90,12,57,11,2,17,3,6,17,24,23,62,16,9,1,0,82,0,0
2023-07-09,62,73,90,12,57,11,2,17,3,6,17,24,23,62,16,9,1,0,82,0,0
2023-07-10,58,52,90,1,57,6,2,17,3,6,17,24,23,59,16,9,1,0,82,0,0
2023-07-11,58,52,90,-3,57,6,2,17,3,6,17,24,23,59,16,9,1,0,82,0,0
2023-07-12,54,45,90,-4,57,6,1,17,3,6,17,24,23,59,16,9,1,0,82,0,0
2023-07-13,49,37,83,-14,53,5,1,17,3,6,17,24,23,55,16,9,1,0,82,0,0
2023-07-14,47,22,63,-15,53,5,-4,17,3,6,17,24,23,55,16,9,1,0,82,0,0
2023-07-15,42,12,56,-19,48,5,-4,17,3,6,17,24,23,55,16,9,1,0,82,0,0
2023-07-16,42,12,56,-19,48,5,-4,17,3,6,17,24,23,55,16,9,1,0,82,0,0
2023-07-17,42,-13,51,-20,48,5,-4,17,3,6,17,24,23,55,16,8,1,0,82,0,0
2023-07-18,42,-15,51,-20,48,5,-4,17,3,6,17,24,23,46,16,8,1,0,82,0,0
2023-07-19,42,-15,51,-20,48,5,-4,17,3,6,17,24,23,46,16,8,1,0,82,0,0
2023-07-20,42,-15,51,-20,48,5,-4,17,3,6,17,20,23,46,16,8,1,0,82,0,0
2023-07-21,42,-15,51,-20,48,5,-4,16,3,6,17,20,18,46,16,8,1,0,82,0,0
2023-07-22,37,-17,51,-22,48,5,-4,16,3,6,17,5,18,43,16,8,1,0,82,0,0
2023-07-23,37,-17,51,-22,48,5,-4,16,3,6,17,5,18,43,16,8,1,0,82,0,0
2023-07-24,37,-17,51,-22,48,5,-4,16,3,6,17,5,18,43,16,8,1,0,82,0,0
2023-07-25,90,288,181,38,48,55,-4,16,23,16,17,5,48,73,36,38,1,0,82,0,0
2023-07-26,86,284,171,36,48,55,-4,16,23,16,17,5,48,73,36,38,1,0,82,0,0
2023-07-27,86,284,166,31,48,55,-4,16,23,16,17,0,48,73,36,38,1,0,82,0,0
2023-07-28,83,280,162,31,48,55,-4,16,23,16,17,0,48,73,36,38,1,0,82,0,0
2023-07-29,83,276,162,21,48,35,-4,16,21,16,17,0,48,73,36,38,1,0,82,0,0
2023-07-30,83,276,162,21,48,35,-4,16,21,16,17,0,48,73,36,38,1,0,82,0,0
2023-07-31,78,251,152,21,48,27,-4,16,21,16,17,0,48,73,36,38,1,0,82,0,0
2023-08-01,78,228,152,21,48,27,-4,16,21,16,17,0,48,73,36,38,1,0,82,0,0
2023-08-02,78,214,152,21,48,27,-4,16,21,15,17,0,48,73,26,38,1,0,82,0,0
2023-08-03,74,175,135,21,48,27,-4,16,21,15,7,0,48,73,26,38,1,0,82,0,0
2023-08-04,72,128,108,19,41,22,-4,16,21,15,7,10,48,73,26,33,1,0,82,0,0
2023-08-05,61,60,98,-4,33,17,-4,1,21,10,2,8,43,72,26,33,1,0,82,0,0
2023-08-06,61,60,98,-4,33,17,-4,1,21,10,2,8,43,72,26,33,1,0,82,0,0
2023-08-07,61,57,98,-5,33,17,-4,1,21,10,2,8,43,72,26,27,1,0,82,0,0
2023-08-08,61,57,98,-5,33,17,-4,1,21,10,-3,0,43,64,21,12,1,0,82,0,0
2023-08-09,60,29,98,-6,33,17,-4,1,21,10,-3,0,43,64,21,12,1,0,82,0,0
2023-08-10,60,21,94,-10,23,17,-4,1,21,10,-3,0,43,64,21,12,1,0,82,0,0
2023-08-11,60,21,94,-10,23,14,-5,1,20,10,-3,0,43,64,21,12,1,0,82,0,0
2023-08-12,60,-12,90,-14,17,14,-5,1,20,10,-3,0,43,64,21,12,1,0,82,0,0
2023-08-13,60,-12,90,-14,17,14,-5,1,20,10,-3,0,43,64,21,12,1,0,82,0,0
2023-08-14,57,-17,90,-14,17,14,-5,1,4,10,-3,0,43,64,18,12,1,0,82,0,0
2023-08-15,57,-17,90,-22,12,14,-5,1,1,10,-3,0,43,64,18,12,1,0,82,0,0
2023-08-16,57,-17,90,-22,12,14,-5,1,1,10,-3,0,43,64,18,12,1,0,82,0,0
2023-08-17,52,-17,85,-22,11,14,-5,-1,1,10,-3,0,43,64,18,12,1,0,82,0,0
2023-08-18,43,6,85,-17,11,15,-5,-1,1,10,-3,0,43,64,18,12,1,0,82,0,0
2023-08-19,41,-8,78,-17,11,10,-5,-1,1,9,-3,0,43,64,12,11,1,0,82,0,0
2023-08-20,41,-8,78,-17,11,10,-5,-1,1,9,-3,0,43,64,12,11,1,0,82,0,0
2023-08-21,41,-10,62,-22,11,10,-5,-1,1,9,-3,0,43,59,12,11,1,0,82,0,0
2023-08-22,70,261,162,38,111,70,5,19,29,19,27,44,73,107,42,28,1,0,82,0,0
2023-08-23,62,255,149,30,111,70,5,19,29,19,27,39,73,107,42,28,1,0,82,0,0
2023-08-24,62,193,85,30,111,70,5,19,29,19,27,39,73,107,42,28,1,0,82,0,0
2023-08-25,62,158,85,30,111,70,5,19,29,19,27,39,73,107,42,28,1,0,82,0,0
2023-08-26,62,121,85,30,111,70,5,19,29,19,27,39,73,107,42,28,1,0,82,0,0
2023-08-27,62,121,85,30,111,70,5,19,29,19,27,39,73,107,42,28,1,0,82,0,0
2023-08-28,62,93,85,26,111,55,3,19,29,19,12,39,73,92,42,13,1,0,82,0,0
2023-08-29,62,93,85,26,111,55,3,19,29,19,12,39,70,92,42,12,1,0,82,0,0
2023-08-30,62,93,85,26,111,55,3,19,29,19,12,39,70,92,42,12,1,0,82,0,0
2023-08-31,62,79,85,26,111,55,3,19,29,19,12,39,70,90,38,12,1,0,82,0,0
2023-09-01,62,79,85,26,111,55,3,19,29,19,12,39,70,90,38,12,1,0,82,0,0
2023-09-02,62,68,80,16,111,53,3,19,29,19,12,39,70,90,38,12,1,0,82,0,0
2023-09-03,62,68,80,16,111,53,3,19,29,19,12,39,70,90,38,12,1,0,82,0,0
2023-09-04,57,58,35,6,111,48,1,19,27,19,12,34,70,90,38,12,1,0,72,0,0
2023-09-05,57,28,35,-2,111,48,1,19,27,19,12,34,70,90,38,12,1,0,72,0,0
2023-09-06,49,26,30,-7,111,48,1,19,27,19,12,34,70,90,38,12,1,0,72,0,0
2023-09-07,49,26,30,-7,111,48,1,19,27,19,12,34,70,90,38,12,1,0,72,0,0
2023-09-08,49,16,30,-13,111,48,1,19,27,19,12,34,70,90,38,12,1,0,72,0,0
2023-09-09,48,-10,28,-19,107,47,1,19,27,19,12,34,70,90,38,10,1,0,72,0,0
2023-09-10,48,-10,28,-19,107,47,1,19,27,19,12,34,70,90,38,10,1,0,72,0,0
2023-09-11,45,-17,-9,-19,102,42,1,17,27,19,12,34,68,90,38,10,1,0,72,0,0
2023-09-12,78,261,121,71,100,42,11,17,12,19,32,49,67,90,38,50,1,0,72,0,0
2023-09-13,77,211,61,54,98,42,9,17,9,19,32,46,65,88,37,45,1,0,72,0,0
2023-09-14,76,171,61,54,98,42,9,17,9,19,32,46,65,78,37,45,1,0,72,0,0
2023-09-15,76,161,61,54,48,42,9,17,9,19,32,46,65,78,37,45,1,0,72,0,0
2023-09-16,76,161,61,54,48,42,9,17,9,19,32,46,65,77,37,45,1,0,72,0,0
2023-09-17,76,161,61,54,48,42,9,17,9,19,32,46,65,77,37,45,1,0,72,0,0
2023-09-18,76,161,61,54,48,42,7,17,9,19,32,46,65,77,37,45,1,0,72,0,0
2023-09-19,75,146,58,54,-12,41,7,17,9,19,32,46,65,77,37,45,1,0,72,0,0
2023-09-20,75,141,58,54,-12,41,7,17,9,19,32,46,65,77,37,45,1,0,72,0,0
2023-09-21,75,131,50,54,-12,26,7,17,1,19,32,44,65,47,27,45,1,0,72,0,0
2023-09-22,75,128,49,52,-12,26,7,17,1,19,32,44,65,47,27,45,1,0,72,0,0
2023-09-23,75,123,45,48,-12,26,7,17,1,19,32,44,65,47,27,45,1,0,72,0,0
2023-09-24,75,123,45,48,-12,26,7,17,1,19,32,44,65,47,27,45,1,0,72,0,0
2023-09-25,64,105,45,39,-12,26,7,17,1,19,32,44,65,47,27,45,1,0,72,0,0
2023-09-26,49,58,0,5,-12,26,7,7,1,19,32,44,65,47,27,45,1,0,72,0,0
2023-09-27,49,43,0,-5,-12,26,7,7,1,19,32,36,65,33,27,44,1,0,72,0,0
2023-09-28,36,36,-9,-8,-12,24,7,7,1,19,32,36,65,33,27,44,1,0,72,0,0
2023-09-29,35,31,-9,-8,-12,24,7,7,1,19,32,36,65,33,27,44,1,0,72,0,0
2023-09-30,33,31,-9,-8,-12,24,7,2,1,19,32,36,65,33,24,44,1,0,72,0,0
2023-10-01,33,31,-9,-8,-12,24,7,2,1,19,32,36,65,33,24,44,1,0,72,0,0
2023-10-02,97,400,241,87,88,54,5,12,31,19,32,33,65,20,18,38,1,0,72,0,0
2023-10-03,93,396,231,82,88,54,5,12,31,19,32,30,65,9,18,36,1,0,72,0,0
2023-10-04,85,392,231,78,88,54,5,12,31,19,32,30,65,9,18,36,1,0,72,0,0
2023-10-05,80,372,231,78,88,54,5,12,31,19,32,30,65,9,2,36,1,0,72,0,0
2023-10-06,80,362,231,78,88,54,5,12,31,19,32,30,65,9,2,36,1,0,72,0,0
2023-10-07,72,357,231,55,88,46,1,12,31,19,32,30,65,9,2,36,1,0,72,0,0
2023-10-08,72,357,231,55,88,46,1,12,31,19,32,30,65,9,2,36,1,0,72,0,0
2023-10-09,72,311,231,55,88,46,1,12,31,19,5,30,65,9,2,36,1,0,72,0,0
2023-10-10,59,300,204,53,88,46,0,12,31,19,5,29,61,9,2,36,1,0,72,0,0
2023-10-11,59,280,193,50,88,46,-4,12,31,18,5,26,61,2,2,36,1,0,70,0,0
2023-10-12,54,278,193,50,88,46,-4,12,31,18,5,25,61,2,2,36,1,0,70,0,0
2023-10-13,49,278,190,50,88,46,-4,12,31,18,5,25,61,2,2,36,1,0,70,0,0
2023-10-14,29,251,190,50,88,44,-4,12,28,18,5,16,61,12,5,28,1,0,70,0,0
2023-10-15,29,251,190,50,88,44,-4,12,28,18,5,16,61,12,5,28,1,0,70,0,0
2023-10-16,24,244,160,42,86,44,-4,12,28,18,5,16,56,12,5,28,1,0,70,0,0
2023-10-17,21,234,156,40,86,44,-4,12,28,18,5,16,56,12,5,28,1,0,70,0,0
2023-10-18,17,218,153,40,81,39,-4,12,28,18,5,16,56,12,5,28,1,0,70,0,0
2023-10-19,17,218,153,38,81,39,-4,12,28,18,5,16,56,12,5,28,1,0,70,0,0
2023-10-20,8,193,148,38,81,39,-4,12,27,18,5,16,56,5,5,28,1,0,70,0,0
2023-10-21,7,193,148,38,81,39,-4,12,27,18,5,8,56,5,4,28,1,0,70,0,0
2023-10-22,7,193,148,38,81,39,-4,12,27,18,5,8,56,5,4,28,1,0,70,0,0
2023-10-23,7,176,148,38,81,39,-4,12,27,18,5,8,56,5,4,28,1,0,70,0,0
2023-10-24,7,175,148,37,81,36,-4,12,27,18,5,8,56,5,4,28,1,0,70,0,0
2023-10-25,7,165,148,34,81,36,-4,12,27,18,5,8,56,1,4,28,1,0,70,0,0
2023-10-26,7,155,148,32,81,28,-4,12,27,18,5,8,56,1,4,28,1,0,70,0,0
2023-10-27,7,125,142,21,76,28,-6,12,27,18,5,8,56,1,4,28,1,0,70,0,0
2023-10-28,2,118,142,21,76,28,-6,12,27,18,5,8,56,1,4,28,1,0,70,0,0
2023-10-29,2,118,142,21,76,28,-6,12,27,18,5,8,56,1,4,28,1,0,70,0,0
2023-10-30,1,108,142,19,75,28,-6,12,27,18,5,8,56,1,4,28,1,0,70,0,0
2023-10-31,1,99,140,16,65,28,-6,-1,27,18,5,8,51,1,4,28,1,0,70,0,0
2023-11-01,1,98,137,14,65,28,-6,-1,27,17,5,8,51,1,4,28,1,0,66,0,0
2023-11-02,-9,74,124,4,55,23,-6,-1,27,17,2,6,51,1,4,28,1,0,66,0,0
2023-11-03,-9,74,124,4,55,21,-6,-3,27,17,2,6,51,-19,4,28,1,0,66,0,0
2023-11-04,-9,68,124,2,55,21,-6,-3,27,17,2,6,51,-19,4,28,1,0,66,0,0
2023-11-05,91,318,224,102,55,21,4,17,27,17,2,26,51,51,34,38,1,0,66,0,0
2023-11-06,82,287,223,102,55,21,4,11,27,17,2,26,51,44,33,38,1,0,66,0,0
2023-11-07,82,287,223,102,55,21,4,11,27,17,2,26,51,44,33,38,1,0,66,0,0
2023-11-08,82,283,223,102,55,21,4,11,27,17,2,26,51,44,33,38,1,0,66,0,0
2023-11-09,80,283,223,102,54,21,4,11,27,17,2,26,51,44,33,38,1,0,66,0,0
2023-11-10,74,283,223,102,54,21,4,11,27,17,2,26,51,44,33,38,1,0,66,0,0
2023-11-11,74,283,223,102,54,21,4,11,27,17,2,26,51,44,33,38,1,0,66,0,0
2023-11-12,74,283,223,102,54,21,4,11,27,17,2,26,51,44,33,38,1,0,66,0,0
2023-11-13,74,283,223,102,54,21,4,11,27,17,2,26,51,44,33,38,1,0,66,0,0
2023-11-14,74,283,223,102,54,21,4,11,27,17,2,26,51,44,33,38,1,0,66,0,0
2023-11-15,74,283,223,102,54,21,4,11,27,17,2,26,51,44,33,38,1,0,66,0,0
2023-11-16,74,283,223,102,54,21,4,11,27,17,2,26,51,44,33,38,1,0,66,0,0
2023-11-17,74,283,223,102,54,21,4,11,27,17,2,22,51,44,33,37,1,0,66,0,0
2023-11-18,74,283,223,102,54,21,4,11,27,17,2,22,51,44,33,37,1,0,66,0,0
2023-11-19,74,283,223,102,54,21,4,11,27,17,2,22,51,44,33,37,1,0,66,0,0
2023-11-20,70,279,223,102,54,21,4,11,27,17,2,22,51,44,33,37,1,0,66,0,0
2023-11-21,70,279,223,93,54,21,4,11,27,17,2,22,51,44,33,37,1,0,66,0,0
2023-11-22,70,279,223,93,53,21,4,11,27,17,2,22,51,44,33,37,1,0,66,0,0
2023-11-23,66,241,223,90,53,21,4,11,27,17,2,22,51,44,33,37,1,0,66,0,0
2023-11-24,66,223,221,90,53,21,4,11,27,17,2,22,51,29,33,37,1,0,66,0,0
2023-11-25,66,206,211,85,53,21,4,11,27,17,2,19,51,25,33,37,1,0,66,0,0
2023-11-26,66,206,211,85,53,21,4,11,27,17,2,19,51,25,33,37,1,0,66,0,0
2023-11-27,66,206,211,85,53,21,4,11,27,17,2,19,51,25,33,37,1,0,66,0,0
2023-11-28,63,206,211,85,33,21,4,11,27,17,2,16,51,25,33,33,1,0,66,0,0
2023-11-29,63,203,211,85,30,21,4,11,27,17,2,16,51,25,33,33,1,0,66,0,0
2023-11-30,63,193,191,85,30,21,4,11,27,17,2,16,51,21,27,33,1,0,66,0,0
2023-12-01,58,176,191,85,20,21,4,11,27,17,2,16,51,21,27,32,1,0,66,0,0
2023-12-02,53,176,191,85,20,21,4,11,27,17,2,16,51,17,27,29,1,0,66,0,0
2023-12-03,53,176,191,85,20,21,4,11,27,17,2,16,51,17,27,29,1,0,66,0,0
2023-12-04,53,147,176,85,16,18,4,11,27,16,2,16,51,17,27,29,1,0,66,0,0
2023-12-05,53,144,176,85,16,18,4,11,27,16,2,16,51,17,27,25,1,0,66,0,0
2023-12-06,50,144,176,85,16,18,4,11,27,16,2,16,51,17,27,25,1,0,66,0,0
2023-12-07,50,132,176,83,6,18,4,11,27,16,2,16,51,17,27,25,1,0,66,0,0
2023-12-08,50,127,168,81,6,18,4,11,27,16,2,16,51,17,27,25,1,0,66,0,0
2023-12-09,48,122,168,74,6,13,4,11,27,16,2,14,51,17,23,25,1,0,66,0,0
2023-12-10,48,122,168,74,6,13,4,11,27,16,2,14,51,17,23,25,1,0,66,0,0
2023-12-11,43,109,157,72,6,13,4,11,27,16,2,14,51,17,23,25,1,0,66,0,0
2023-12-12,43,97,157,72,6,13,4,11,27,16,2,14,51,13,19,23,1,0,66,0,0
2023-12-13,41,97,137,72,6,11,4,11,27,16,2,14,51,13,19,23,1,0,66,0,0
2023-12-14,36,85,132,70,6,11,4,11,27,16,2,14,51,13,19,23,1,0,66,0,0
2023-12-15,36,85,132,70,6,11,4,11,27,16,2,14,51,13,19,23,1,0,66,0,0
2023-12-16,36,85,132,70,6,11,3,11,27,16,2,13,51,3,19,23,1,0,66,0,0
2023-12-17,36,85,132,70,6,11,3,11,27,16,2,13,51,3,19,23,1,0,66,0,0
2023-12-18,35,61,125,69,6,11,3,11,27,16,2,13,51,3,19,23,1,0,66,0,0
2023-12-19,33,61,125,57,6,11,3,11,27,16,2,13,51,3,19,23,1,0,66,0,0
2023-12-20,113,301,249,127,56,61,3,11,27,16,2,33,51,103,49,43,1,0,66,0,0
2023-12-21,111,298,248,127,56,61,3,11,27,16,2,33,46,103,49,43,1,0,66,0,0
2023-12-22,110,297,244,124,56,51,3,11,27,16,2,33,46,101,49,43,1,0,66,0,0
2023-12-23,110,297,223,94,56,51,3,11,27,16,2,33,46,101,46,38,1,0,66,0,0
2023-12-24,110,297,223,94,56,51,3,11,27,16,2,33,46,101,46,38,1,0,66,0,0
2023-12-25,110,296,201,75,56,31,3,11,27,16,2,33,46,101,46,38,1,0,66,0,0
2023-12-26,110,292,200,72,56,31,3,11,27,16,2,33,46,101,46,38,1,0,66,0,0
2023-12-27,106,292,193,50,56,31,3,11,25,16,2,33,46,101,41,38,1,0,66,0,0
2023-12-28,106,292,186,42,56,31,3,11,25,16,2,33,46,101,41,38,1,0,66,0,0
2023-12-29,105,292,182,37,56,31,3,7,25,8,2,33,39,101,41,38,1,0,66,0,0
2023-12-30,104,288,182,36,56,31,3,7,25,8,2,33,39,101,41,38,1,0,66,0,0
2023-12-31,104,288,182,1,56,31,3,7,25,8,2,33,39,101,41,38,1,0,66,0,0
2024-01-01,104,288,182,1,56,31,3,7,25,8,2,23,39,96,36,33,1,0,66,0,0
2024-01-02,101,286,178,-1,56,29,3,7,25,8,2,23,39,94,36,33,1,0,66,0,0
2024-01-03,101,270,173,-1,56,29,3,7,25,8,2,22,39,92,36,33,1,0,66,0,0
2024-01-04,101,267,168,17,56,12,3,7,25,8,2,22,39,92,36,33,1,0,66,0,0
2024-01-05,85,265,168,17,56,12,3,7,25,7,2,22,39,92,36,33,1,0,66,0,0
2024-01-06,84,265,105,10,43,12,3,7,25,7,2,22,39,92,36,33,1,0,66,0,0
2024-01-07,84,265,105,10,43,12,3,7,25,7,2,22,39,92,36,33,1,0,66,0,0
2024-01-08,84,265,105,9,43,8,3,7,25,7,2,22,39,72,36,30,1,0,66,0,0
2024-01-09,84,265,105,9,43,1,3,7,25,7,-3,22,39,72,36,30,1,0,66,0,0
2024-01-10,84,265,101,9,43,1,3,7,25,7,-3,22,39,72,36,30,1,0,66,0,0
2024-01-11,84,265,101,4,43,1,3,7,25,7,-3,22,39,72,36,30,1,0,66,0,0
2024-01-12,84,265,97,4,43,1,3,7,25,7,-3,22,39,72,36,30,1,0,66,0,0
2024-01-13,84,265,97,4,43,1,3,7,25,7,-3,22,39,69,36,30,1,0,66,0,0
2024-01-14,84,265,97,4,43,1,3,7,25,7,-3,22,39,69,36,30,1,0,66,0,0
2024-01-15,84,265,97,4,43,1,3,7,25,7,-3,22,39,69,36,30,1,0,66,0,0
2024-01-16,84,265,97,-11,43,1,3,7,25,7,-3,22,39,63,36,30,1,0,66,0,0
2024-01-17,74,265,97,-13,39,1,3,7,25,7,-3,22,39,63,36,30,1,0,66,0,0
2024-01-18,74,262,97,-13,37,1,3,7,25,7,-3,22,39,60,36,30,1,0,66,0,0
2024-01-19,74,262,97,-13,27,1,3,7,25,7,-3,22,39,60,36,30,1,0,66,0,0
2024-01-20,74,256,97,-13,27,1,3,7,25,7,-3,17,39,57,36,30,1,0,66,0,0
2024-01-21,74,256,97,-13,27,1,3,7,25,7,-3,17,39,57,36,30,1,0,66,0,0
2024-01-22,74,256,97,-13,27,1,3,7,25,7,-3,17,39,57,36,30,1,0,66,0,0
2024-01-23,74,250,97,-13,27,1,3,7,25,7,-3,17,39,57,36,30,1,0,66,0,0
2024-01-24,74,248,93,-13,27,1,3,7,25,7,-3,17,39,57,36,30,1,0,66,0,0
2024-01-25,64,246,92,-15,27,1,3,7,25,7,-3,17,39,57,35,30,1,0,66,0,0
2024-01-26,48,241,92,-19,27,4,3,7,25,7,-3,17,39,57,35,30,1,0,66,0,0
2024-01-27,48,231,92,-19,27,4,3,7,23,7,-3,17,39,57,35,30,1,0,66,0,0
2024-01-28,48,231,92,-19,27,4,3,7,23,7,-3,17,39,57,35,30,1,0,66,0,0
2024-01-29,48,217,92,-19,27,4,3,7,23,7,-3,17,39,57,35,30,1,0,66,0,0
2024-01-30,33,211,92,-19,27,1,3,7,23,7,-3,17,39,57,35,30,1,0,66,0,0
2024-01-31,29,176,92,-19,27,1,3,7,23,7,-3,12,39,57,35,30,1,0,66,0,0
2024-02-01,78,406,292,131,27,71,3,17,23,17,-3,12,39,57,35,30,1,0,66,0,0
2024-02-02,78,382,291,130,27,71,3,17,23,17,-3,12,39,53,32,30,1,0,66,0,0
2024-02-03,76,380,291,130,27,71,3,17,23,17,-3,12,39,53,32,30,1,0,66,0,0
2024-02-04,76,350,251,130,27,51,2,17,23,17,-3,12,39,53,32,30,1,0,66,0,0
2024-02-05,73,350,251,130,25,51,2,17,23,17,-3,12,39,53,32,30,1,0,65,0,0
2024-02-06,73,335,251,130,25,51,2,17,23,17,-3,12,39,53,32,30,1,0,65,0,0
2024-02-07,72,304,251,130,25,51,2,17,23,17,-3,12,39,53,32,30,1,0,55,0,0
2024-02-08,72,304,221,130,15,31,-1,17,23,17,-3,12,39,53,32,30,1,0,55,0,0
2024-02-09,72,294,171,130,15,31,-1,17,23,17,-3,12,19,53,32,30,1,0,55,0,0
2024-02-10,72,294,121,130,15,31,-1,17,23,17,-3,12,17,53,32,30,1,0,55,0,0
2024-02-11,72,294,71,130,15,31,-1,17,23,17,-3,12,17,53,32,30,1,0,55,0,0
2024-02-12,72,294,21,115,15,31,-1,17,23,17,-3,12,17,53,32,30,1,0,55,0,0
2024-02-13,72,294,21,115,15,29,-1,17,23,17,-3,10,7,53,32,30,1,0,55,0,0
2024-02-14,72,244,6,115,15,29,-1,17,23,17,-3,10,7,53,32,30,1,0,55,0,0
2024-02-15,72,244,6,115,-6,29,-1,17,23,17,-3,10,2,53,32,30,1,0,55,0,0
2024-02-16,72,228,6,115,-6,29,-1,17,23,17,-3,10,2,53,32,30,1,0,55,0,0
2024-02-17,72,228,-4,110,-22,29,-1,17,23,17,-3,3,2,49,32,29,1,0,55,0,0
2024-02-18,72,228,-4,110,-30,29,-1,17,23,17,-5,3,2,49,32,29,1,0,55,0,0
2024-02-19,72,190,-5,110,-40,29,-1,17,21,17,-5,3,2,49,32,29,1,0,55,0,0
2024-02-20,69,188,-5,109,-40,29,-1,17,21,17,-5,3,2,39,32,29,1,0,55,0,0
2024-02-21,134,488,244,109,70,104,-1,17,21,17,-5,23,77,94,32,29,1,0,55,0,0
2024-02-22,134,488,244,109,70,104,-1,17,21,17,-5,23,77,94,32,29,1,0,55,0,0
2024-02-23,134,483,241,107,67,104,-1,17,21,17,-5,23,77,94,32,29,1,0,55,0,0
2024-02-24,124,454,241,105,67,101,-1,17,21,17,-5,23,77,92,32,29,1,0,55,0,0
2024-02-25,124,454,241,105,67,101,-1,17,21,17,-5,23,77,92,32,29,1,0,55,0,0
2024-02-26,124,454,241,105,65,101,-1,17,21,17,-5,21,77,92,32,29,1,0,55,0,0
2024-02-27,123,454,241,105,65,101,-1,17,21,17,-5,21,77,90,32,29,1,0,55,0,0
2024-02-28,122,438,239,104,64,101,-1,17,21,17,-5,21,77,90,32,27,1,0,55,0,0
2024-02-29,122,436,239,104,64,101,-1,17,21,17,-5,21,77,90,32,27,1,0,55,0,0
2024-03-01,117,436,239,103,64,101,-1,17,18,17,-5,21,77,90,32,27,1,0,55,0,0
2024-03-02,115,416,237,103,64,101,-1,17,18,17,-5,21,77,90,32,27,1,0,55,0,0
2024-03-03,115,416,237,103,64,101,-1,17,18,17,-5,21,77,90,32,27,1,0,55,0,0
2024-03-04,113,396,232,96,64,96,-1,17,18,17,-5,17,77,84,32,27,1,0,55,0,0
2024-03-05,111,375,228,96,63,93,-1,17,18,17,-5,17,74,79,32,27,1,0,55,0,0
2024-03-06,109,354,226,96,63,93,-1,17,18,17,-5,17,74,79,32,27,1,0,55,0,0
2024-03-07,109,354,226,96,63,93,-1,17,18,17,-5,17,74,79,32,27,1,0,55,0,0
2024-03-08,109,294,226,96,63,93,-1,17,18,17,-5,17,74,79,32,27,1,0,55,0,0
2024-03-09,109,279,209,91,63,88,-1,17,18,17,-5,17,74,79,32,27,1,0,55,0,0
2024-03-10,109,279,209,91,63,88,-1,17,18,17,-5,17,74,79,32,27,1,0,55,0,0
2024-03-11,108,279,209,91,62,88,-1,17,18,17,-5,17,74,79,32,27,1,0,55,0,0
2024-03-12,107,269,197,91,52,87,-1,12,18,17,-5,16,74,79,32,27,1,0,55,0,0
2024-03-13,95,269,197,88,50,87,-1,12,18,17,-5,16,74,79,32,27,1,0,55,0,0
2024-03-14,95,242,192,84,48,87,-1,12,18,17,-5,16,74,79,32,27,1,0,55,0,0
2024-03-15,95,242,181,84,48,87,-1,12,18,17,-23,16,74,71,32,27,1,0,55,0,0
2024-03-16,93,202,181,84,48,82,-1,12,18,17,-23,14,74,71,32,25,1,0,55,0,0
2024-03-17,93,202,181,84,48,82,-1,12,18,17,-23,14,74,71,32,25,1,0,55,0,0
2024-03-18,93,200,174,84,48,82,-1,12,18,17,-23,14,74,71,32,25,1,0,55,0,0
2024-03-19,93,187,174,84,48,82,-1,12,18,17,-23,14,74,71,32,25,1,0,55,0,0
2024-03-20,93,182,174,84,47,72,-1,12,18,17,-23,14,74,71,32,25,1,0,55,0,0
2024-03-21,93,182,139,84,47,72,-1,12,18,17,-23,14,74,71,32,25,1,0,55,0,0
2024-03-22,93,175,139,84,47,72,-1,12,18,17,-23,14,74,71,32,25,1,0,55,0,0
2024-03-23,92,170,139,84,47,71,-1,12,18,17,-23,14,74,71,32,25,1,0,55,0,0
2024-03-24,92,170,139,84,47,71,-1,12,18,17,-23,14,74,71,32,25,1,0,55,0,0
2024-03-25,92,170,139,84,47,71,-1,12,18,17,-23,14,74,71,32,25,1,0,55,0,0
2024-03-26,79,170,134,83,47,71,-1,12,8,17,-23,14,74,71,32,25,1,0,55,0,0
2024-03-27,78,170,134,83,47,71,-1,12,8,17,-23,14,74,71,32,25,1,0,55,0,0
2024-03-28,77,155,134,83,47,71,-1,12,8,17,-23,14,74,61,32,25,1,0,55,0,0
2024-03-29,77,152,134,82,46,71,-2,12,8,17,-23,11,74,61,32,25,1,0,55,0,0
2024-03-30,74,98,114,82,41,71,-3,12,1,17,-23,8,74,31,22,25,1,0,55,0,0
